Açao Orçamentária;Categoria de Programação;Unidade Administrativa;Despesa Agregada;Plano Interno;GND;Elemento;Subelemento;Item de Despesa;Proposta UA-1;Proposta Final
02.122.0570.20GP.0053 - JULGAMENTO DE CAUSAS E GESTÃO ADMINISTRATIVA NA JUSTIÇA ELEITORAL - NO DISTRITO FEDERAL;AÇÃO ESTRATÉGICA;ASPLAN - ASSESSORIA DE PLANEJAMENTO;CONSTRUÇÃO SUSTENTÁVEL: CAPTAÇÃO DE ÁGUAS PLUVIAIS PARA O EDIFÍCIO SEDE E ANEXO DO TRE-DF.;EDF CONSSUS;33 - OUTRAS DESPESAS CORRENTES;33.90.39 - OUTROS SERVIÇOS DE TERCEIROS - PESSOA JURÍDICA;3390.39.16 - MANUTENÇÃO E CONSERVAÇÃO DE BENS IMÓVEIS;SERVIÇOS DE MANUTENÇÃO DAS INSTALAÇÕES DE IMÓVEL;107.727,07;0,00
02.122.0570.20GP.0053 - JULGAMENTO DE CAUSAS E GESTÃO ADMINISTRATIVA NA JUSTIÇA ELEITORAL - NO DISTRITO FEDERAL;AÇÃO ESTRATÉGICA;SESEG - SEÇAO DE SEGURANÇA;INSTALAÇÃO DE SISTEMA DE SEGURANÇA ELETRONICO - CFTV;EDF SISELET;44 - INVESTIMENTOS;44.90.52 - EQUIPAMENTOS E MATERIAL PERMANENTE;4490.52.24 - EQUIPAMENTO DE PROTEÇÃO DE SEG. E SOCORRO;CIRCUITO INTERNO DE TELEVISÃO;480.000,00;141.865,50
02.122.0570.20GP.0053 - JULGAMENTO DE CAUSAS E GESTÃO ADMINISTRATIVA NA JUSTIÇA ELEITORAL - NO DISTRITO FEDERAL;AÇÃO ESTRATÉGICA;SGP - SECRETARIA DE GESTAO DE PESSOAS;DISTRIBUIÇÃO IDEAL DE FORÇA DE TRABALHO NO TREDF;EDF FORTRAB;33 - OUTRAS DESPESAS CORRENTES;33.90.35 - SERVIÇOS DE CONSULTORIA;3390.35.01 - ASSESSORIA E CONSULTORIA TÉCNICA OU JURÍDICA;ASSESSORIA E CONSULTORIA TÉCNICA OU JURÍDICA;500.000,00;0,00
02.122.0570.20GP.0053 - JULGAMENTO DE CAUSAS E GESTÃO ADMINISTRATIVA NA JUSTIÇA ELEITORAL - NO DISTRITO FEDERAL;MANUTENÇÃO GERAL;CAMS - COORDENADORIA DE ASSISTENCIA MEDICA E SOCIAL;APOIO ADMINISTRATIVO, TÉCNICO E OPERACIONAL;AOSA APOIO;33 - OUTRAS DESPESAS CORRENTES;33.90.35 - SERVIÇOS DE CONSULTORIA;3390.35.02 - AUDITORIA EXTERNA;SERVIÇOS DE AUDITORIA EXTERNA;360.000,00;0,00
02.122.0570.20GP.0053 - JULGAMENTO DE CAUSAS E GESTÃO ADMINISTRATIVA NA JUSTIÇA ELEITORAL - NO DISTRITO FEDERAL;MANUTENÇÃO GERAL;CAMS - COORDENADORIA DE ASSISTENCIA MEDICA E SOCIAL;APOIO ADMINISTRATIVO, TÉCNICO E OPERACIONAL;AOSA APOIO;33 - OUTRAS DESPESAS CORRENTES;33.90.37 - LOCAÇÃO DE MÃO DE OBRA;3390.37.01 - APOIO ADMINISTRATIVO, TÉCNICO E OPERACIONAL;ATENDENTES PARA CONSULTÓRIO ODONTOLÓGICO;114.592,32;75.690,69
02.122.0570.20GP.0053 - JULGAMENTO DE CAUSAS E GESTÃO ADMINISTRATIVA NA JUSTIÇA ELEITORAL - NO DISTRITO FEDERAL;MANUTENÇÃO GERAL;CAMS - COORDENADORIA DE ASSISTENCIA MEDICA E SOCIAL;APOIO ADMINISTRATIVO, TÉCNICO E OPERACIONAL;AOSA APOIO;33 - OUTRAS DESPESAS CORRENTES;33.90.39 - OUTROS SERVIÇOS DE TERCEIROS - PESSOA JURÍDICA;3390.39.05 - SERVIÇOS TÉCNICOS PROFISSIONAIS;SERVIÇOS DE GINASTIA LABORAL;240.000,00;0,00
02.122.0570.20GP.0053 - JULGAMENTO DE CAUSAS E GESTÃO ADMINISTRATIVA NA JUSTIÇA ELEITORAL - NO DISTRITO FEDERAL;MANUTENÇÃO GERAL;CAMS - COORDENADORIA DE ASSISTENCIA MEDICA E SOCIAL;ASSINATURAS DE PERIÓDICOS E ANUIDADES;AOSA ASSINA;33 - OUTRAS DESPESAS CORRENTES;33.90.39 - OUTROS SERVIÇOS DE TERCEIROS - PESSOA JURÍDICA;3390.39.01 - ASSINATURAS DE PERIÓDICOS E ANUIDADES;ASSINATURAS DE PERIÓDICOS E ANUIDADES;6.600,00;6.600,00
02.122.0570.20GP.0053 - JULGAMENTO DE CAUSAS E GESTÃO ADMINISTRATIVA NA JUSTIÇA ELEITORAL - NO DISTRITO FEDERAL;MANUTENÇÃO GERAL;CAMS - COORDENADORIA DE ASSISTENCIA MEDICA E SOCIAL;EVENTOS;AOSA EVENTO;33 - OUTRAS DESPESAS CORRENTES;33.90.36 - OUTROS SERVIÇOS DE TERCEIROS - PESSOA FÍSICA;3390.36.28 - SERVIÇO DE SELEÇÃO E TREINAMENTO;PALESTRANTE;25.680,00;0,00
02.122.0570.20GP.0053 - JULGAMENTO DE CAUSAS E GESTÃO ADMINISTRATIVA NA JUSTIÇA ELEITORAL - NO DISTRITO FEDERAL;MANUTENÇÃO GERAL;CAMS - COORDENADORIA DE ASSISTENCIA MEDICA E SOCIAL;EVENTOS;AOSA EVENTO;33 - OUTRAS DESPESAS CORRENTES;33.90.39 - OUTROS SERVIÇOS DE TERCEIROS - PESSOA JURÍDICA;3390.39.22 - EXPOSIÇÕES, CONGRESSOS E CONFERÊNCIAS;EXPOSIÇÕES, CONGRESSOS E CONFERÊNCIAS;10.000,00;10.000,00
02.122.0570.20GP.0053 - JULGAMENTO DE CAUSAS E GESTÃO ADMINISTRATIVA NA JUSTIÇA ELEITORAL - NO DISTRITO FEDERAL;MANUTENÇÃO GERAL;CAMS - COORDENADORIA DE ASSISTENCIA MEDICA E SOCIAL;MANUTENÇÃO E CONSERVAÇÃO DE MÁQUINAS E EQUIPAMENTOS;AOSA MANMAQ;33 - OUTRAS DESPESAS CORRENTES;33.90.39 - OUTROS SERVIÇOS DE TERCEIROS - PESSOA JURÍDICA;3390.39.17 - MANUTENÇÃO E CONSERVAÇÃO DE MÁQUINAS E  EQUIPAMENT;MANUTENÇÃO DE EQUIPAMENTOS MÉDICOS E ODONTOLÓGICOS;46.800,00;6.800,00
02.122.0570.20GP.0053 - JULGAMENTO DE CAUSAS E GESTÃO ADMINISTRATIVA NA JUSTIÇA ELEITORAL - NO DISTRITO FEDERAL;MANUTENÇÃO GERAL;CAMS - COORDENADORIA DE ASSISTENCIA MEDICA E SOCIAL;MATERIAL DE CONSUMO MÉDICO E ODONTOLÓGICO;AOSA MATMOD;33 - OUTRAS DESPESAS CORRENTES;33.90.30 - MATERIAL DE CONSUMO;3390.30.09 - MATERIAL FARMACOLÓGICO;MATERIAL FARMACOLÓGICO DIVERSOS;18.510,58;8.116,89
02.122.0570.20GP.0053 - JULGAMENTO DE CAUSAS E GESTÃO ADMINISTRATIVA NA JUSTIÇA ELEITORAL - NO DISTRITO FEDERAL;MANUTENÇÃO GERAL;CAMS - COORDENADORIA DE ASSISTENCIA MEDICA E SOCIAL;MATERIAL DE CONSUMO MÉDICO E ODONTOLÓGICO;AOSA MATMOD;33 - OUTRAS DESPESAS CORRENTES;33.90.30 - MATERIAL DE CONSUMO;3390.30.09 - MATERIAL FARMACOLÓGICO;VACINAS;112.000,00;30.000,00
02.122.0570.20GP.0053 - JULGAMENTO DE CAUSAS E GESTÃO ADMINISTRATIVA NA JUSTIÇA ELEITORAL - NO DISTRITO FEDERAL;MANUTENÇÃO GERAL;CAMS - COORDENADORIA DE ASSISTENCIA MEDICA E SOCIAL;MATERIAL DE CONSUMO MÉDICO E ODONTOLÓGICO;AOSA MATMOD;33 - OUTRAS DESPESAS CORRENTES;33.90.30 - MATERIAL DE CONSUMO;3390.30.10 - MATERIAL ODONTOLÓGICO;MATERIAL ODONTOLOGICO EM GERAL;27.304,40;0,00
02.122.0570.20GP.0053 - JULGAMENTO DE CAUSAS E GESTÃO ADMINISTRATIVA NA JUSTIÇA ELEITORAL - NO DISTRITO FEDERAL;MANUTENÇÃO GERAL;CAMS - COORDENADORIA DE ASSISTENCIA MEDICA E SOCIAL;MATERIAL DE CONSUMO MÉDICO E ODONTOLÓGICO;AOSA MATMOD;33 - OUTRAS DESPESAS CORRENTES;33.90.30 - MATERIAL DE CONSUMO;3390.30.36 - MATERIAL HOSPITALAR;MATERIAL HOSPITALAR DIVERSOS;34.707,77;10.000,00
02.122.0570.20GP.0053 - JULGAMENTO DE CAUSAS E GESTÃO ADMINISTRATIVA NA JUSTIÇA ELEITORAL - NO DISTRITO FEDERAL;MANUTENÇÃO GERAL;CAMS - COORDENADORIA DE ASSISTENCIA MEDICA E SOCIAL;MATERIAL PARA MANUTENÇÃO DE BENS MÓVEIS;AOSA MATMOV;33 - OUTRAS DESPESAS CORRENTES;33.90.30 - MATERIAL DE CONSUMO;3390.30.25 - MATERIAL PARA MANUTENÇÃO DE BENS MÓVEIS;MATERIAL PARA MANUTENÇÃO DE BENS MÓVEIS;53.000,00;0,00
02.122.0570.20GP.0053 - JULGAMENTO DE CAUSAS E GESTÃO ADMINISTRATIVA NA JUSTIÇA ELEITORAL - NO DISTRITO FEDERAL;MANUTENÇÃO GERAL;CSEG - COORDENADORIA DE SERVIÇOS GERAIS;ALIMENTAÇÃO;AOSA ALIMEN;33 - OUTRAS DESPESAS CORRENTES;33.90.30 - MATERIAL DE CONSUMO;3390.30.07 - GENEROS DE ALIMENTAÇÃO;KIT LANCHES;64.800,00;40.000,00
02.122.0570.20GP.0053 - JULGAMENTO DE CAUSAS E GESTÃO ADMINISTRATIVA NA JUSTIÇA ELEITORAL - NO DISTRITO FEDERAL;MANUTENÇÃO GERAL;CSEG - COORDENADORIA DE SERVIÇOS GERAIS;APOIO ADMINISTRATIVO, TÉCNICO E OPERACIONAL;AOSA APOIO;33 - OUTRAS DESPESAS CORRENTES;33.90.37 - LOCAÇÃO DE MÃO DE OBRA;3390.37.01 - APOIO ADMINISTRATIVO, TÉCNICO E OPERACIONAL;AUXILIAR DE SERVIÇOS GERAIS;1.495.476,00;974.670,49
02.122.0570.20GP.0053 - JULGAMENTO DE CAUSAS E GESTÃO ADMINISTRATIVA NA JUSTIÇA ELEITORAL - NO DISTRITO FEDERAL;MANUTENÇÃO GERAL;CSEG - COORDENADORIA DE SERVIÇOS GERAIS;APOIO ADMINISTRATIVO, TÉCNICO E OPERACIONAL;AOSA APOIO;33 - OUTRAS DESPESAS CORRENTES;33.90.37 - LOCAÇÃO DE MÃO DE OBRA;3390.37.01 - APOIO ADMINISTRATIVO, TÉCNICO E OPERACIONAL;MOTORISTA;768.994,30;357.000,00
02.122.0570.20GP.0053 - JULGAMENTO DE CAUSAS E GESTÃO ADMINISTRATIVA NA JUSTIÇA ELEITORAL - NO DISTRITO FEDERAL;MANUTENÇÃO GERAL;CSEG - COORDENADORIA DE SERVIÇOS GERAIS;APOIO ADMINISTRATIVO, TÉCNICO E OPERACIONAL;AOSA APOIO;33 - OUTRAS DESPESAS CORRENTES;33.90.37 - LOCAÇÃO DE MÃO DE OBRA;3390.37.01 - APOIO ADMINISTRATIVO, TÉCNICO E OPERACIONAL;OPERADOR DE SOM;344.820,72;228.000,00
02.122.0570.20GP.0053 - JULGAMENTO DE CAUSAS E GESTÃO ADMINISTRATIVA NA JUSTIÇA ELEITORAL - NO DISTRITO FEDERAL;MANUTENÇÃO GERAL;CSEG - COORDENADORIA DE SERVIÇOS GERAIS;APOIO ADMINISTRATIVO, TÉCNICO E OPERACIONAL;AOSA APOIO;33 - OUTRAS DESPESAS CORRENTES;33.90.37 - LOCAÇÃO DE MÃO DE OBRA;3390.37.01 - APOIO ADMINISTRATIVO, TÉCNICO E OPERACIONAL;PORTEIROS;1.158.696,00;1.038.628,00
02.122.0570.20GP.0053 - JULGAMENTO DE CAUSAS E GESTÃO ADMINISTRATIVA NA JUSTIÇA ELEITORAL - NO DISTRITO FEDERAL;MANUTENÇÃO GERAL;CSEG - COORDENADORIA DE SERVIÇOS GERAIS;APOIO ADMINISTRATIVO, TÉCNICO E OPERACIONAL;AOSA APOIO;33 - OUTRAS DESPESAS CORRENTES;33.90.39 - OUTROS SERVIÇOS DE TERCEIROS - PESSOA JURÍDICA;3390.39.46 - SERVIÇOS DOMÉSTICOS;SERVIÇOS DE LAVANDERIA;35.509,47;12.000,00
02.122.0570.20GP.0053 - JULGAMENTO DE CAUSAS E GESTÃO ADMINISTRATIVA NA JUSTIÇA ELEITORAL - NO DISTRITO FEDERAL;MANUTENÇÃO GERAL;CSEG - COORDENADORIA DE SERVIÇOS GERAIS;APOIO ADMINISTRATIVO, TÉCNICO E OPERACIONAL;AOSA APOIO;33 - OUTRAS DESPESAS CORRENTES;33.90.39 - OUTROS SERVIÇOS DE TERCEIROS - PESSOA JURÍDICA;3390.39.75 - SERVIÇO DE INCINERAÇÃO/DESTRUIÇÃO DE MATERIAL;SERVIÇO DE INCINERAÇÃO, DESTRUIÇÃO E DEMOLIÇÃO;5.280,00;4.600,00
02.122.0570.20GP.0053 - JULGAMENTO DE CAUSAS E GESTÃO ADMINISTRATIVA NA JUSTIÇA ELEITORAL - NO DISTRITO FEDERAL;MANUTENÇÃO GERAL;CSEG - COORDENADORIA DE SERVIÇOS GERAIS;AQUISIÇÃO DE SOFTWARE;AREA AQISOF;44 - INVESTIMENTOS;44.90.39 - OUTROS SERVIÇOS DE TERCEIROS - PESSOA JURÍDICA;4490.39.93 - AQUISIÇÃO DE SOFTWARE;AQUISIÇÃO DE SOFTWARE;8.000,00;3.840,00
02.122.0570.20GP.0053 - JULGAMENTO DE CAUSAS E GESTÃO ADMINISTRATIVA NA JUSTIÇA ELEITORAL - NO DISTRITO FEDERAL;MANUTENÇÃO GERAL;CSEG - COORDENADORIA DE SERVIÇOS GERAIS;COMBUSTÍVEIS;AOSA COMBUS;33 - OUTRAS DESPESAS CORRENTES;33.90.30 - MATERIAL DE CONSUMO;3390.30.01 - COMBUSTIVEIS E LUBRIFICANTES AUTOMOTIVOS;COMBUSTÍVEIS;85.452,65;40.000,00
02.122.0570.20GP.0053 - JULGAMENTO DE CAUSAS E GESTÃO ADMINISTRATIVA NA JUSTIÇA ELEITORAL - NO DISTRITO FEDERAL;MANUTENÇÃO GERAL;CSEG - COORDENADORIA DE SERVIÇOS GERAIS;ENERGIA ELÉTRICA;AIEF ENERGI;33 - OUTRAS DESPESAS CORRENTES;33.90.39 - OUTROS SERVIÇOS DE TERCEIROS - PESSOA JURÍDICA;3390.39.43 - SERVIÇOS DE ENERGIA ELÉTRICA;SERVIÇOS DE ENERGIA ELETRICA;1.250.326,00;1.024.999,54
02.122.0570.20GP.0053 - JULGAMENTO DE CAUSAS E GESTÃO ADMINISTRATIVA NA JUSTIÇA ELEITORAL - NO DISTRITO FEDERAL;MANUTENÇÃO GERAL;CSEG - COORDENADORIA DE SERVIÇOS GERAIS;ENERGIA ELÉTRICA;AIEF ENERGI;33 - OUTRAS DESPESAS CORRENTES;33.90.47 - OBRIGAÇÕES TRIBUTÁRIAS E CONTRIBUTIVAS;3390.47.22 - CONTRIBUIÇÃO P/ CUSTEIO DE ILUMINAÇÃO PÚBLICA;CONTRIBUIÇÃO PARA CUSTEIO DE ILUMINAÇÃO PÚBLICA;107.826,00;75.000,00
02.122.0570.20GP.0053 - JULGAMENTO DE CAUSAS E GESTÃO ADMINISTRATIVA NA JUSTIÇA ELEITORAL - NO DISTRITO FEDERAL;MANUTENÇÃO GERAL;CSEG - COORDENADORIA DE SERVIÇOS GERAIS;FRETES E TRANSPORTE DE ENCOMENDAS;AOSA FRETES;33 - OUTRAS DESPESAS CORRENTES;33.90.39 - OUTROS SERVIÇOS DE TERCEIROS - PESSOA JURÍDICA;3390.39.74 - FRETES E TRANSPORTE DE ENCOMENDAS;SERVICOS DE FRETES E CARRETOS;230.850,00;154.000,00
02.122.0570.20GP.0053 - JULGAMENTO DE CAUSAS E GESTÃO ADMINISTRATIVA NA JUSTIÇA ELEITORAL - NO DISTRITO FEDERAL;MANUTENÇÃO GERAL;CSEG - COORDENADORIA DE SERVIÇOS GERAIS;LIMPEZA E CONSERVAÇÃO;AIEF LIMPEZ;33 - OUTRAS DESPESAS CORRENTES;33.90.37 - LOCAÇÃO DE MÃO DE OBRA;3390.37.02 - LIMPEZA E CONSERVAÇÃO;LIMPEZA E CONSERVAÇÃO;3.146.532,00;2.547.373,81
02.122.0570.20GP.0053 - JULGAMENTO DE CAUSAS E GESTÃO ADMINISTRATIVA NA JUSTIÇA ELEITORAL - NO DISTRITO FEDERAL;MANUTENÇÃO GERAL;CSEG - COORDENADORIA DE SERVIÇOS GERAIS;LOCAÇÃO DE MÁQUINAS, EQUIPAMENTOS E BENS MÓVEIS;AOSA LOCMAQ;33 - OUTRAS DESPESAS CORRENTES;33.90.39 - OUTROS SERVIÇOS DE TERCEIROS - PESSOA JURÍDICA;3390.39.12 - LOCAÇÃO DE MÁQUINAS E EQUIPAMENTOS;LOCAÇÃO DE MÁQUINAS REPROGRÁFICAS;15.132,00;7.000,00
02.122.0570.20GP.0053 - JULGAMENTO DE CAUSAS E GESTÃO ADMINISTRATIVA NA JUSTIÇA ELEITORAL - NO DISTRITO FEDERAL;MANUTENÇÃO GERAL;CSEG - COORDENADORIA DE SERVIÇOS GERAIS;MANUTENÇÃO E CONSERVAÇÃO DE MÁQUINAS E EQUIPAMENTOS;AOSA MANMAQ;33 - OUTRAS DESPESAS CORRENTES;33.90.39 - OUTROS SERVIÇOS DE TERCEIROS - PESSOA JURÍDICA;3390.39.17 - MANUTENÇÃO E CONSERVAÇÃO DE MÁQUINAS E  EQUIPAMENT;MANUTENÇÃO E CONSERVAÇÃO DE MÁQUINAS E EQUIPAMENTOS;98.064,43;10.000,00
02.122.0570.20GP.0053 - JULGAMENTO DE CAUSAS E GESTÃO ADMINISTRATIVA NA JUSTIÇA ELEITORAL - NO DISTRITO FEDERAL;MANUTENÇÃO GERAL;CSEG - COORDENADORIA DE SERVIÇOS GERAIS;MANUTENÇÃO E CONSERVAÇÃO DE MÁQUINAS E EQUIPAMENTOS;AOSA MANMAQ;33 - OUTRAS DESPESAS CORRENTES;33.90.39 - OUTROS SERVIÇOS DE TERCEIROS - PESSOA JURÍDICA;3390.39.17 - MANUTENÇÃO E CONSERVAÇÃO DE MÁQUINAS E  EQUIPAMENT;SERVIÇOS DE MANUTENÇÃO, CONSERVAÇÃO E REPAROS EM CENTRAL TELEFÔNICA;173.222,28;150.000,00
02.122.0570.20GP.0053 - JULGAMENTO DE CAUSAS E GESTÃO ADMINISTRATIVA NA JUSTIÇA ELEITORAL - NO DISTRITO FEDERAL;MANUTENÇÃO GERAL;CSEG - COORDENADORIA DE SERVIÇOS GERAIS;MANUTENÇÃO E LEGALIZAÇÃO DE VEÍCULOS;AOSA MANVEI;33 - OUTRAS DESPESAS CORRENTES;33.90.30 - MATERIAL DE CONSUMO;3390.30.39 - MATERIAL PARA MANUTENÇÃO DE VEÍCULOS;MATERIAL PARA MANUTENÇÃO DE VEÍCULOS;100.000,00;25.000,00
02.122.0570.20GP.0053 - JULGAMENTO DE CAUSAS E GESTÃO ADMINISTRATIVA NA JUSTIÇA ELEITORAL - NO DISTRITO FEDERAL;MANUTENÇÃO GERAL;CSEG - COORDENADORIA DE SERVIÇOS GERAIS;MANUTENÇÃO E LEGALIZAÇÃO DE VEÍCULOS;AOSA MANVEI;33 - OUTRAS DESPESAS CORRENTES;33.90.39 - OUTROS SERVIÇOS DE TERCEIROS - PESSOA JURÍDICA;3390.39.19 - MANUTENÇÃO E CONSERVAÇÃO DE VEÍCULOS;SERVIÇOS DE MANUTENÇÃO DE VEÍCULOS;70.000,00;15.000,00
02.122.0570.20GP.0053 - JULGAMENTO DE CAUSAS E GESTÃO ADMINISTRATIVA NA JUSTIÇA ELEITORAL - NO DISTRITO FEDERAL;MANUTENÇÃO GERAL;CSEG - COORDENADORIA DE SERVIÇOS GERAIS;MANUTENÇÃO E LEGALIZAÇÃO DE VEÍCULOS;AOSA MANVEI;33 - OUTRAS DESPESAS CORRENTES;33.90.39 - OUTROS SERVIÇOS DE TERCEIROS - PESSOA JURÍDICA;3390.39.69 - SEGUROS EM GERAL;SEGURO OBRIGATORIO DE VEICULOS;7.306,82;7.306,82
02.122.0570.20GP.0053 - JULGAMENTO DE CAUSAS E GESTÃO ADMINISTRATIVA NA JUSTIÇA ELEITORAL - NO DISTRITO FEDERAL;MANUTENÇÃO GERAL;CSEG - COORDENADORIA DE SERVIÇOS GERAIS;MANUTENÇÃO PREDIAL;AIEF MANPRE;33 - OUTRAS DESPESAS CORRENTES;33.90.30 - MATERIAL DE CONSUMO;3390.30.25 - MATERIAL PARA MANUTENÇÃO DE BENS MÓVEIS;PEÇAS PARA AR CONDICIONADO;30.000,00;0,00
02.122.0570.20GP.0053 - JULGAMENTO DE CAUSAS E GESTÃO ADMINISTRATIVA NA JUSTIÇA ELEITORAL - NO DISTRITO FEDERAL;MANUTENÇÃO GERAL;CSEG - COORDENADORIA DE SERVIÇOS GERAIS;MANUTENÇÃO PREDIAL;AIEF MANPRE;33 - OUTRAS DESPESAS CORRENTES;33.90.37 - LOCAÇÃO DE MÃO DE OBRA;3390.37.04 - MANUTENÇÃO E CONSERVAÇÃO DE BENS IMÓVEIS;MANUTENÇÃO E CONSERVAÇÃO DE BENS IMÓVEIS;589.660,32;370.000,00
02.122.0570.20GP.0053 - JULGAMENTO DE CAUSAS E GESTÃO ADMINISTRATIVA NA JUSTIÇA ELEITORAL - NO DISTRITO FEDERAL;MANUTENÇÃO GERAL;CSEG - COORDENADORIA DE SERVIÇOS GERAIS;MANUTENÇÃO PREDIAL;AIEF MANPRE;33 - OUTRAS DESPESAS CORRENTES;33.90.39 - OUTROS SERVIÇOS DE TERCEIROS - PESSOA JURÍDICA;3390.39.16 - MANUTENÇÃO E CONSERVAÇÃO DE BENS IMÓVEIS;MANUTENÇÃO DE CENTRAIS DE AR CONDICIONADO;155.127,50;130.000,00
02.122.0570.20GP.0053 - JULGAMENTO DE CAUSAS E GESTÃO ADMINISTRATIVA NA JUSTIÇA ELEITORAL - NO DISTRITO FEDERAL;MANUTENÇÃO GERAL;CSEG - COORDENADORIA DE SERVIÇOS GERAIS;MANUTENÇÃO PREDIAL;AIEF MANPRE;33 - OUTRAS DESPESAS CORRENTES;33.90.39 - OUTROS SERVIÇOS DE TERCEIROS - PESSOA JURÍDICA;3390.39.16 - MANUTENÇÃO E CONSERVAÇÃO DE BENS IMÓVEIS;MANUTENÇÃO DE ELEVADORES;22.841,52;22.841,52
02.122.0570.20GP.0053 - JULGAMENTO DE CAUSAS E GESTÃO ADMINISTRATIVA NA JUSTIÇA ELEITORAL - NO DISTRITO FEDERAL;MANUTENÇÃO GERAL;CSEG - COORDENADORIA DE SERVIÇOS GERAIS;MANUTENÇÃO PREDIAL;AIEF MANPRE;33 - OUTRAS DESPESAS CORRENTES;33.90.39 - OUTROS SERVIÇOS DE TERCEIROS - PESSOA JURÍDICA;3390.39.16 - MANUTENÇÃO E CONSERVAÇÃO DE BENS IMÓVEIS;MANUTENÇÃO DE PORTAS E PORTÕES ELETRÔNICOS;8.000,00;8.000,00
02.122.0570.20GP.0053 - JULGAMENTO DE CAUSAS E GESTÃO ADMINISTRATIVA NA JUSTIÇA ELEITORAL - NO DISTRITO FEDERAL;MANUTENÇÃO GERAL;CSEG - COORDENADORIA DE SERVIÇOS GERAIS;MANUTENÇÃO PREDIAL;AIEF MANPRE;33 - OUTRAS DESPESAS CORRENTES;33.90.39 - OUTROS SERVIÇOS DE TERCEIROS - PESSOA JURÍDICA;3390.39.16 - MANUTENÇÃO E CONSERVAÇÃO DE BENS IMÓVEIS;REFORMAS E ADAPTAÇÕES DE IMÓVEIS;1.630.000,00;200.000,00
02.122.0570.20GP.0053 - JULGAMENTO DE CAUSAS E GESTÃO ADMINISTRATIVA NA JUSTIÇA ELEITORAL - NO DISTRITO FEDERAL;MANUTENÇÃO GERAL;CSEG - COORDENADORIA DE SERVIÇOS GERAIS;MANUTENÇÃO PREDIAL;AIEF MANPRE;33 - OUTRAS DESPESAS CORRENTES;33.90.39 - OUTROS SERVIÇOS DE TERCEIROS - PESSOA JURÍDICA;3390.39.16 - MANUTENÇÃO E CONSERVAÇÃO DE BENS IMÓVEIS;SERVIÇO DE AVALIAÇÃO DO SISTEMA DE PÁRA-RAIOS;200.000,00;0,00
02.122.0570.20GP.0053 - JULGAMENTO DE CAUSAS E GESTÃO ADMINISTRATIVA NA JUSTIÇA ELEITORAL - NO DISTRITO FEDERAL;MANUTENÇÃO GERAL;CSEG - COORDENADORIA DE SERVIÇOS GERAIS;MANUTENÇÃO PREDIAL;AIEF MANPRE;33 - OUTRAS DESPESAS CORRENTES;33.90.39 - OUTROS SERVIÇOS DE TERCEIROS - PESSOA JURÍDICA;3390.39.16 - MANUTENÇÃO E CONSERVAÇÃO DE BENS IMÓVEIS;SERVICOS DE PINTURA;400.000,00;100.000,00
02.122.0570.20GP.0053 - JULGAMENTO DE CAUSAS E GESTÃO ADMINISTRATIVA NA JUSTIÇA ELEITORAL - NO DISTRITO FEDERAL;MANUTENÇÃO GERAL;CSEG - COORDENADORIA DE SERVIÇOS GERAIS;MANUTENÇÃO PREDIAL;AIEF MANPRE;33 - OUTRAS DESPESAS CORRENTES;33.90.39 - OUTROS SERVIÇOS DE TERCEIROS - PESSOA JURÍDICA;3390.39.16 - MANUTENÇÃO E CONSERVAÇÃO DE BENS IMÓVEIS;SERVICOS DE REPAROS E REFORMAS DE IMOVEIS EM GERAL;500.000,00;100.000,00
02.122.0570.20GP.0053 - JULGAMENTO DE CAUSAS E GESTÃO ADMINISTRATIVA NA JUSTIÇA ELEITORAL - NO DISTRITO FEDERAL;MANUTENÇÃO GERAL;CSEG - COORDENADORIA DE SERVIÇOS GERAIS;MANUTENÇÃO PREDIAL;AIEF MANPRE;33 - OUTRAS DESPESAS CORRENTES;33.90.39 - OUTROS SERVIÇOS DE TERCEIROS - PESSOA JURÍDICA;3390.39.16 - MANUTENÇÃO E CONSERVAÇÃO DE BENS IMÓVEIS;SERVICOS DE REPAROS, RECUPERACAO E ADAPTACAO DE BIOMBOS, CARPETES, DIVISORIAS E LAMBRIS;80.000,00;0,00
02.122.0570.20GP.0053 - JULGAMENTO DE CAUSAS E GESTÃO ADMINISTRATIVA NA JUSTIÇA ELEITORAL - NO DISTRITO FEDERAL;MANUTENÇÃO GERAL;CSEG - COORDENADORIA DE SERVIÇOS GERAIS;MANUTENÇÃO PREDIAL;AIEF MANPRE;33 - OUTRAS DESPESAS CORRENTES;33.90.39 - OUTROS SERVIÇOS DE TERCEIROS - PESSOA JURÍDICA;3390.39.20 - MANUT. E CONS. DE BENS MÓVEIS DE OUTR. NATUREZAS;MANUTENÇÃO DE PERSIANAS;10.000,00;10.000,00
02.122.0570.20GP.0053 - JULGAMENTO DE CAUSAS E GESTÃO ADMINISTRATIVA NA JUSTIÇA ELEITORAL - NO DISTRITO FEDERAL;MANUTENÇÃO GERAL;CSEG - COORDENADORIA DE SERVIÇOS GERAIS;MANUTENÇÃO PREDIAL;AIEF MANPRE;33 - OUTRAS DESPESAS CORRENTES;33.90.39 - OUTROS SERVIÇOS DE TERCEIROS - PESSOA JURÍDICA;3390.39.79 - SERVIÇO DE APOIO ADMIN., TÉCNICO E OPERACIONAL;SERVIÇOS DE INSTALAÇÃO DE CONDICIONADORES DE AR;40.000,00;0,00
02.122.0570.20GP.0053 - JULGAMENTO DE CAUSAS E GESTÃO ADMINISTRATIVA NA JUSTIÇA ELEITORAL - NO DISTRITO FEDERAL;MANUTENÇÃO GERAL;CSEG - COORDENADORIA DE SERVIÇOS GERAIS;MANUTENÇÃO PREDIAL;AIEF MANPRE;44 - INVESTIMENTOS;44.90.52 - EQUIPAMENTOS E MATERIAL PERMANENTE;4490.52.51 - PEÇAS NÃO INCORPORÁVEIS A IMÓVEIS;DIVISÓRIAS;100.000,00;0,00
02.122.0570.20GP.0053 - JULGAMENTO DE CAUSAS E GESTÃO ADMINISTRATIVA NA JUSTIÇA ELEITORAL - NO DISTRITO FEDERAL;MANUTENÇÃO GERAL;CSEG - COORDENADORIA DE SERVIÇOS GERAIS;MATERIAL DE CONSUMO;AOSA CONSUM;33 - OUTRAS DESPESAS CORRENTES;33.90.30 - MATERIAL DE CONSUMO;3390.30.04 - GAS ENGARRAFADO;GÁS E OUTROS MATERIAIS ENGARRAFADOS;7.800,00;5.100,00
02.122.0570.20GP.0053 - JULGAMENTO DE CAUSAS E GESTÃO ADMINISTRATIVA NA JUSTIÇA ELEITORAL - NO DISTRITO FEDERAL;MANUTENÇÃO GERAL;CSEG - COORDENADORIA DE SERVIÇOS GERAIS;MATERIAL DE CONSUMO;AOSA CONSUM;33 - OUTRAS DESPESAS CORRENTES;33.90.30 - MATERIAL DE CONSUMO;3390.30.16 - MATERIAL DE EXPEDIENTE;CARIMBOS DIVERSOS;13.200,00;5.000,00
02.122.0570.20GP.0053 - JULGAMENTO DE CAUSAS E GESTÃO ADMINISTRATIVA NA JUSTIÇA ELEITORAL - NO DISTRITO FEDERAL;MANUTENÇÃO GERAL;CSEG - COORDENADORIA DE SERVIÇOS GERAIS;PASSAGENS E LOCOMOÇÃO PARA SERVIDORES;AOSA PASSAG;33 - OUTRAS DESPESAS CORRENTES;33.90.33 - PASSAGENS E DESPESAS COM LOCOMOÇÃO;3390.33.09 - TRANSPORTE DE SERVIDORES;SERVIÇOS DE TÁXI;764.359,20;500.000,00
02.122.0570.20GP.0053 - JULGAMENTO DE CAUSAS E GESTÃO ADMINISTRATIVA NA JUSTIÇA ELEITORAL - NO DISTRITO FEDERAL;MANUTENÇÃO GERAL;CSEG - COORDENADORIA DE SERVIÇOS GERAIS;SERVIÇOS DE ÁGUA E ESGOTO;AIEF AGUA;33 - OUTRAS DESPESAS CORRENTES;33.90.39 - OUTROS SERVIÇOS DE TERCEIROS - PESSOA JURÍDICA;3390.39.44 - SERVIÇOS DE ÁGUA E ESGOTO;SERVIÇOS DE AGUA E ESGOTO;290.000,00;200.000,00
02.122.0570.20GP.0053 - JULGAMENTO DE CAUSAS E GESTÃO ADMINISTRATIVA NA JUSTIÇA ELEITORAL - NO DISTRITO FEDERAL;MANUTENÇÃO GERAL;CSEG - COORDENADORIA DE SERVIÇOS GERAIS;SERVIÇOS DE COMUNICAÇÃO EM GERAL;AOSA COMUNI;33 - OUTRAS DESPESAS CORRENTES;33.90.39 - OUTROS SERVIÇOS DE TERCEIROS - PESSOA JURÍDICA;3390.39.47 - SERVIÇOS DE COMUNICAÇÃO EM GERAL;SERVIÇOS DE COMUNICAÇÃO EM GERAL;99.996,00;55.000,00
02.122.0570.20GP.0053 - JULGAMENTO DE CAUSAS E GESTÃO ADMINISTRATIVA NA JUSTIÇA ELEITORAL - NO DISTRITO FEDERAL;MANUTENÇÃO GERAL;CSEG - COORDENADORIA DE SERVIÇOS GERAIS;SERVIÇOS DE COPA E COZINHA;AOSA COZINH;33 - OUTRAS DESPESAS CORRENTES;33.90.37 - LOCAÇÃO DE MÃO DE OBRA;3390.37.05 - SERVIÇOS DE COPA E COZINHA;SERVIÇOS DE COPEIRAGEM E GARÇOM;473.664,00;255.000,00
02.122.0570.20GP.0053 - JULGAMENTO DE CAUSAS E GESTÃO ADMINISTRATIVA NA JUSTIÇA ELEITORAL - NO DISTRITO FEDERAL;MANUTENÇÃO GERAL;CSEG - COORDENADORIA DE SERVIÇOS GERAIS;TELEFONIA;AOSA TELEFO;33 - OUTRAS DESPESAS CORRENTES;33.90.39 - OUTROS SERVIÇOS DE TERCEIROS - PESSOA JURÍDICA;3390.39.58 - SERVIÇOS DE TELECOMUNICAÇÕES;SERVIÇO DE TELEFONIA FIXA;245.949,60;160.000,00
02.122.0570.20GP.0053 - JULGAMENTO DE CAUSAS E GESTÃO ADMINISTRATIVA NA JUSTIÇA ELEITORAL - NO DISTRITO FEDERAL;MANUTENÇÃO GERAL;CSEG - COORDENADORIA DE SERVIÇOS GERAIS;TELEFONIA;AOSA TELEFO;33 - OUTRAS DESPESAS CORRENTES;33.90.39 - OUTROS SERVIÇOS DE TERCEIROS - PESSOA JURÍDICA;3390.39.58 - SERVIÇOS DE TELECOMUNICAÇÕES;SERVIÇOS DE TELEFONIA MÓVEL E CELULAR;74.819,40;30.000,00
02.122.0570.20GP.0053 - JULGAMENTO DE CAUSAS E GESTÃO ADMINISTRATIVA NA JUSTIÇA ELEITORAL - NO DISTRITO FEDERAL;MANUTENÇÃO GERAL;CSEG - COORDENADORIA DE SERVIÇOS GERAIS;TRIBUTOS, MULTAS E JUROS;AOSA TRIBUT;33 - OUTRAS DESPESAS CORRENTES;33.90.47 - OBRIGAÇÕES TRIBUTÁRIAS E CONTRIBUTIVAS;3390.47.10 - TAXAS;TAXA DE LICENCIAMENTO DE VEÍCULOS AUTOMOTORES;4.310,00;4.310,00
02.122.0570.20GP.0053 - JULGAMENTO DE CAUSAS E GESTÃO ADMINISTRATIVA NA JUSTIÇA ELEITORAL - NO DISTRITO FEDERAL;MANUTENÇÃO GERAL;CSEG - COORDENADORIA DE SERVIÇOS GERAIS;VIGILÂNCIA;AIEF VIGILA;33 - OUTRAS DESPESAS CORRENTES;33.90.37 - LOCAÇÃO DE MÃO DE OBRA;3390.37.03 - VIGILÂNCIA OSTENSIVA;VIGILÂNCIA OSTENSIVA;1.520.362,20;1.375.798,00
02.122.0570.20GP.0053 - JULGAMENTO DE CAUSAS E GESTÃO ADMINISTRATIVA NA JUSTIÇA ELEITORAL - NO DISTRITO FEDERAL;MANUTENÇÃO GERAL;CSEG - COORDENADORIA DE SERVIÇOS GERAIS;VIGILÂNCIA;AIEF VIGILA;33 - OUTRAS DESPESAS CORRENTES;33.90.39 - OUTROS SERVIÇOS DE TERCEIROS - PESSOA JURÍDICA;3390.39.77 - VIGILÂNCIA OSTENSIVA;SERVIÇOS DE MONITORAMENTO DE SISTEMA DE SEGURANÇA;30.000,00;30.000,00
02.122.0570.20GP.0053 - JULGAMENTO DE CAUSAS E GESTÃO ADMINISTRATIVA NA JUSTIÇA ELEITORAL - NO DISTRITO FEDERAL;MANUTENÇÃO GERAL;EJE - ESCOLA JUDICIARIA ELEITORAL;DIVULGAÇÃO INSTITUCIONAL;AOSA DIVULG;33 - OUTRAS DESPESAS CORRENTES;33.90.32 - MATERIAL DE DISTRIBUIÇÃO GRATUITA;3390.32.09 - MATERIAL PARA DIVULGAÇÃO;MATERIAL PARA DIVULGAÇÃO;0,00;20.000,00
02.122.0570.20GP.0053 - JULGAMENTO DE CAUSAS E GESTÃO ADMINISTRATIVA NA JUSTIÇA ELEITORAL - NO DISTRITO FEDERAL;MANUTENÇÃO GERAL;GDG - DIRETORIA-GERAL;EVENTOS;AOSA EVENTO;33 - OUTRAS DESPESAS CORRENTES;33.90.30 - MATERIAL DE CONSUMO;3390.30.15 - MATERIAL PARA FESTIVIDADES E HOMENAGENS;MEDALHAS EM GERAL;21.165,00;0,00
02.122.0570.20GP.0053 - JULGAMENTO DE CAUSAS E GESTÃO ADMINISTRATIVA NA JUSTIÇA ELEITORAL - NO DISTRITO FEDERAL;MANUTENÇÃO GERAL;GDG - DIRETORIA-GERAL;EVENTOS;AOSA EVENTO;33 - OUTRAS DESPESAS CORRENTES;33.90.30 - MATERIAL DE CONSUMO;3390.30.15 - MATERIAL PARA FESTIVIDADES E HOMENAGENS;PASTA P/ ACONDICIONAR DIPLOMA;5.235,00;0,00
02.122.0570.20GP.0053 - JULGAMENTO DE CAUSAS E GESTÃO ADMINISTRATIVA NA JUSTIÇA ELEITORAL - NO DISTRITO FEDERAL;MANUTENÇÃO GERAL;GDG - DIRETORIA-GERAL;SERVIÇOS DE COMUNICAÇÃO EM GERAL;AOSA COMUNI;33 - OUTRAS DESPESAS CORRENTES;33.91.39 - OUTROS SERVIÇOS DE TERCEIROS - PESSOA JURÍDICA;3391.39.47 - SERVIÇOS DE COMUNICAÇÃO EM GERAL;SERVIÇOS DE COMUNICAÇÃO EM GERAL;20.000,00;15.250,00
02.122.0570.20GP.0053 - JULGAMENTO DE CAUSAS E GESTÃO ADMINISTRATIVA NA JUSTIÇA ELEITORAL - NO DISTRITO FEDERAL;MANUTENÇÃO GERAL;SEBEP - SEÇAO DE BENS PATRIMONIAIS;EQUIPAMENTOS MÉDICOS E ODONTOLÓGICOS;AREA MEDODO;44 - INVESTIMENTOS;44.90.52 - EQUIPAMENTOS E MATERIAL PERMANENTE;4490.52.08 - APAR. EQUIP. UTENS. MÉD. ODONT. LABOR. HOSPITALAR;CADEIRA ODONTOLÓGICA ELÉTRICA;56.000,00;28.000,00
02.122.0570.20GP.0053 - JULGAMENTO DE CAUSAS E GESTÃO ADMINISTRATIVA NA JUSTIÇA ELEITORAL - NO DISTRITO FEDERAL;MANUTENÇÃO GERAL;SEBEP - SEÇAO DE BENS PATRIMONIAIS;MÓVEIS;AREA MOVEIS;44 - INVESTIMENTOS;44.90.52 - EQUIPAMENTOS E MATERIAL PERMANENTE;4490.52.42 - MOBILIÁRIO EM GERAL;ARMÁRIO ALTO - ABERTO/FECHADO;25.000,00;0,00
02.122.0570.20GP.0053 - JULGAMENTO DE CAUSAS E GESTÃO ADMINISTRATIVA NA JUSTIÇA ELEITORAL - NO DISTRITO FEDERAL;MANUTENÇÃO GERAL;SEBEP - SEÇAO DE BENS PATRIMONIAIS;MÓVEIS;AREA MOVEIS;44 - INVESTIMENTOS;44.90.52 - EQUIPAMENTOS E MATERIAL PERMANENTE;4490.52.42 - MOBILIÁRIO EM GERAL;ARMÁRIO BAIXO - FECHADO;21.000,00;0,00
02.122.0570.20GP.0053 - JULGAMENTO DE CAUSAS E GESTÃO ADMINISTRATIVA NA JUSTIÇA ELEITORAL - NO DISTRITO FEDERAL;MANUTENÇÃO GERAL;SEBEP - SEÇAO DE BENS PATRIMONIAIS;MÓVEIS;AREA MOVEIS;44 - INVESTIMENTOS;44.90.52 - EQUIPAMENTOS E MATERIAL PERMANENTE;4490.52.42 - MOBILIÁRIO EM GERAL;ESTANTE;100.000,00;0,00
02.122.0570.20GP.0053 - JULGAMENTO DE CAUSAS E GESTÃO ADMINISTRATIVA NA JUSTIÇA ELEITORAL - NO DISTRITO FEDERAL;MANUTENÇÃO GERAL;SEBEP - SEÇAO DE BENS PATRIMONIAIS;MÓVEIS;AREA MOVEIS;44 - INVESTIMENTOS;44.90.52 - EQUIPAMENTOS E MATERIAL PERMANENTE;4490.52.42 - MOBILIÁRIO EM GERAL;GAVETEIRO;28.000,00;0,00
02.122.0570.20GP.0053 - JULGAMENTO DE CAUSAS E GESTÃO ADMINISTRATIVA NA JUSTIÇA ELEITORAL - NO DISTRITO FEDERAL;MANUTENÇÃO GERAL;SEBEP - SEÇAO DE BENS PATRIMONIAIS;MÓVEIS;AREA MOVEIS;44 - INVESTIMENTOS;44.90.52 - EQUIPAMENTOS E MATERIAL PERMANENTE;4490.52.42 - MOBILIÁRIO EM GERAL;MESA;50.000,00;0,00
02.122.0570.20GP.0053 - JULGAMENTO DE CAUSAS E GESTÃO ADMINISTRATIVA NA JUSTIÇA ELEITORAL - NO DISTRITO FEDERAL;MANUTENÇÃO GERAL;SEBEP - SEÇAO DE BENS PATRIMONIAIS;MÓVEIS;AREA MOVEIS;44 - INVESTIMENTOS;44.90.52 - EQUIPAMENTOS E MATERIAL PERMANENTE;4490.52.42 - MOBILIÁRIO EM GERAL;MÓVEIS EM GERAL;10.000,00;0,00
02.122.0570.20GP.0053 - JULGAMENTO DE CAUSAS E GESTÃO ADMINISTRATIVA NA JUSTIÇA ELEITORAL - NO DISTRITO FEDERAL;MANUTENÇÃO GERAL;SEBEP - SEÇAO DE BENS PATRIMONIAIS;MÓVEIS;AREA MOVEIS;44 - INVESTIMENTOS;44.90.52 - EQUIPAMENTOS E MATERIAL PERMANENTE;4490.52.42 - MOBILIÁRIO EM GERAL;POLTRONA;150.000,00;0,00
02.122.0570.20GP.0053 - JULGAMENTO DE CAUSAS E GESTÃO ADMINISTRATIVA NA JUSTIÇA ELEITORAL - NO DISTRITO FEDERAL;MANUTENÇÃO GERAL;SEBEP - SEÇAO DE BENS PATRIMONIAIS;OUTROS MATERIAIS PERMANENTES E EQUIPAMENTOS;AREA PERMAN;44 - INVESTIMENTOS;44.90.52 - EQUIPAMENTOS E MATERIAL PERMANENTE;4490.52.06 - APARELHOS E EQUIPAMENTOS DE COMUNICAÇÃO;APARELHO TELEFÔNICO;2.000,00;0,00
02.122.0570.20GP.0053 - JULGAMENTO DE CAUSAS E GESTÃO ADMINISTRATIVA NA JUSTIÇA ELEITORAL - NO DISTRITO FEDERAL;MANUTENÇÃO GERAL;SEBEP - SEÇAO DE BENS PATRIMONIAIS;OUTROS MATERIAIS PERMANENTES E EQUIPAMENTOS;AREA PERMAN;44 - INVESTIMENTOS;44.90.52 - EQUIPAMENTOS E MATERIAL PERMANENTE;4490.52.06 - APARELHOS E EQUIPAMENTOS DE COMUNICAÇÃO;FAC-SIMILE;2.400,00;0,00
02.122.0570.20GP.0053 - JULGAMENTO DE CAUSAS E GESTÃO ADMINISTRATIVA NA JUSTIÇA ELEITORAL - NO DISTRITO FEDERAL;MANUTENÇÃO GERAL;SEBEP - SEÇAO DE BENS PATRIMONIAIS;OUTROS MATERIAIS PERMANENTES E EQUIPAMENTOS;AREA PERMAN;44 - INVESTIMENTOS;44.90.52 - EQUIPAMENTOS E MATERIAL PERMANENTE;4490.52.12 - APARELHOS E UTENSÍLIOS DOMÉSTICOS;FOGÃO;3.200,00;0,00
02.122.0570.20GP.0053 - JULGAMENTO DE CAUSAS E GESTÃO ADMINISTRATIVA NA JUSTIÇA ELEITORAL - NO DISTRITO FEDERAL;MANUTENÇÃO GERAL;SEBEP - SEÇAO DE BENS PATRIMONIAIS;OUTROS MATERIAIS PERMANENTES E EQUIPAMENTOS;AREA PERMAN;44 - INVESTIMENTOS;44.90.52 - EQUIPAMENTOS E MATERIAL PERMANENTE;4490.52.12 - APARELHOS E UTENSÍLIOS DOMÉSTICOS;FORNO DE MICROONDAS;2.500,00;0,00
02.122.0570.20GP.0053 - JULGAMENTO DE CAUSAS E GESTÃO ADMINISTRATIVA NA JUSTIÇA ELEITORAL - NO DISTRITO FEDERAL;MANUTENÇÃO GERAL;SEBEP - SEÇAO DE BENS PATRIMONIAIS;OUTROS MATERIAIS PERMANENTES E EQUIPAMENTOS;AREA PERMAN;44 - INVESTIMENTOS;44.90.52 - EQUIPAMENTOS E MATERIAL PERMANENTE;4490.52.12 - APARELHOS E UTENSÍLIOS DOMÉSTICOS;FRIGOBAR;2.800,00;0,00
02.122.0570.20GP.0053 - JULGAMENTO DE CAUSAS E GESTÃO ADMINISTRATIVA NA JUSTIÇA ELEITORAL - NO DISTRITO FEDERAL;MANUTENÇÃO GERAL;SEBEP - SEÇAO DE BENS PATRIMONIAIS;OUTROS MATERIAIS PERMANENTES E EQUIPAMENTOS;AREA PERMAN;44 - INVESTIMENTOS;44.90.52 - EQUIPAMENTOS E MATERIAL PERMANENTE;4490.52.12 - APARELHOS E UTENSÍLIOS DOMÉSTICOS;GELADEIRA;8.000,00;0,00
02.122.0570.20GP.0053 - JULGAMENTO DE CAUSAS E GESTÃO ADMINISTRATIVA NA JUSTIÇA ELEITORAL - NO DISTRITO FEDERAL;MANUTENÇÃO GERAL;SEBEP - SEÇAO DE BENS PATRIMONIAIS;OUTROS MATERIAIS PERMANENTES E EQUIPAMENTOS;AREA PERMAN;44 - INVESTIMENTOS;44.90.52 - EQUIPAMENTOS E MATERIAL PERMANENTE;4490.52.12 - APARELHOS E UTENSÍLIOS DOMÉSTICOS;LIQUIDIFICADOR;1.000,00;0,00
02.122.0570.20GP.0053 - JULGAMENTO DE CAUSAS E GESTÃO ADMINISTRATIVA NA JUSTIÇA ELEITORAL - NO DISTRITO FEDERAL;MANUTENÇÃO GERAL;SEBEP - SEÇAO DE BENS PATRIMONIAIS;OUTROS MATERIAIS PERMANENTES E EQUIPAMENTOS;AREA PERMAN;44 - INVESTIMENTOS;44.90.52 - EQUIPAMENTOS E MATERIAL PERMANENTE;4490.52.12 - APARELHOS E UTENSÍLIOS DOMÉSTICOS;MÁQUINA DE LAVAR LOUÇAS;4.000,00;0,00
02.122.0570.20GP.0053 - JULGAMENTO DE CAUSAS E GESTÃO ADMINISTRATIVA NA JUSTIÇA ELEITORAL - NO DISTRITO FEDERAL;MANUTENÇÃO GERAL;SEBEP - SEÇAO DE BENS PATRIMONIAIS;OUTROS MATERIAIS PERMANENTES E EQUIPAMENTOS;AREA PERMAN;44 - INVESTIMENTOS;44.90.52 - EQUIPAMENTOS E MATERIAL PERMANENTE;4490.52.32 - MÁQUINAS E EQUIPAMENTOS GRÁFICOS;COPIADORA;12.000,00;0,00
02.122.0570.20GP.0053 - JULGAMENTO DE CAUSAS E GESTÃO ADMINISTRATIVA NA JUSTIÇA ELEITORAL - NO DISTRITO FEDERAL;MANUTENÇÃO GERAL;SEBEP - SEÇAO DE BENS PATRIMONIAIS;OUTROS MATERIAIS PERMANENTES E EQUIPAMENTOS;AREA PERMAN;44 - INVESTIMENTOS;44.90.52 - EQUIPAMENTOS E MATERIAL PERMANENTE;4490.52.33 - EQUIPAMENTOS PARA ÁUDIO, VÍDEO E FOTO;EQUIPAMENTOS ELETRÔNICOS DIVERSOS;374.000,00;0,00
02.122.0570.20GP.0053 - JULGAMENTO DE CAUSAS E GESTÃO ADMINISTRATIVA NA JUSTIÇA ELEITORAL - NO DISTRITO FEDERAL;MANUTENÇÃO GERAL;SEBEP - SEÇAO DE BENS PATRIMONIAIS;OUTROS MATERIAIS PERMANENTES E EQUIPAMENTOS;AREA PERMAN;44 - INVESTIMENTOS;44.90.52 - EQUIPAMENTOS E MATERIAL PERMANENTE;4490.52.33 - EQUIPAMENTOS PARA ÁUDIO, VÍDEO E FOTO;TELEVISOR;7.500,00;0,00
02.122.0570.20GP.0053 - JULGAMENTO DE CAUSAS E GESTÃO ADMINISTRATIVA NA JUSTIÇA ELEITORAL - NO DISTRITO FEDERAL;MANUTENÇÃO GERAL;SEBEP - SEÇAO DE BENS PATRIMONIAIS;OUTROS MATERIAIS PERMANENTES E EQUIPAMENTOS;AREA PERMAN;44 - INVESTIMENTOS;44.90.52 - EQUIPAMENTOS E MATERIAL PERMANENTE;4490.52.34 - MÁQUINAS, UTENSÍLIOS E EQUIPAMENTOS DIVERSOS;PALETEIRA;4.000,00;0,00
02.122.0570.20GP.0053 - JULGAMENTO DE CAUSAS E GESTÃO ADMINISTRATIVA NA JUSTIÇA ELEITORAL - NO DISTRITO FEDERAL;MANUTENÇÃO GERAL;SEBEP - SEÇAO DE BENS PATRIMONIAIS;OUTROS MATERIAIS PERMANENTES E EQUIPAMENTOS;AREA PERMAN;44 - INVESTIMENTOS;44.90.52 - EQUIPAMENTOS E MATERIAL PERMANENTE;4490.52.34 - MÁQUINAS, UTENSÍLIOS E EQUIPAMENTOS DIVERSOS;VENTILADOR;2.000,00;0,00
02.122.0570.20GP.0053 - JULGAMENTO DE CAUSAS E GESTÃO ADMINISTRATIVA NA JUSTIÇA ELEITORAL - NO DISTRITO FEDERAL;MANUTENÇÃO GERAL;SEBEP - SEÇAO DE BENS PATRIMONIAIS;OUTROS MATERIAIS PERMANENTES E EQUIPAMENTOS;AREA PERMAN;44 - INVESTIMENTOS;44.90.52 - EQUIPAMENTOS E MATERIAL PERMANENTE;4490.52.36 - MÁQUINAS, INSTALAÇÕES E UTENS. DE ESCRITÓRIO;CALCULADORA;1.600,00;0,00
02.122.0570.20GP.0053 - JULGAMENTO DE CAUSAS E GESTÃO ADMINISTRATIVA NA JUSTIÇA ELEITORAL - NO DISTRITO FEDERAL;MANUTENÇÃO GERAL;SEBEP - SEÇAO DE BENS PATRIMONIAIS;OUTROS MATERIAIS PERMANENTES E EQUIPAMENTOS;AREA PERMAN;44 - INVESTIMENTOS;44.90.52 - EQUIPAMENTOS E MATERIAL PERMANENTE;4490.52.36 - MÁQUINAS, INSTALAÇÕES E UTENS. DE ESCRITÓRIO;FRAGMENTADORA DE PAPEL;1.500,00;0,00
02.122.0570.20GP.0053 - JULGAMENTO DE CAUSAS E GESTÃO ADMINISTRATIVA NA JUSTIÇA ELEITORAL - NO DISTRITO FEDERAL;MANUTENÇÃO GERAL;SEBEP - SEÇAO DE BENS PATRIMONIAIS;OUTROS MATERIAIS PERMANENTES E EQUIPAMENTOS;AREA PERMAN;44 - INVESTIMENTOS;44.90.52 - EQUIPAMENTOS E MATERIAL PERMANENTE;4490.52.48 - VEÍCULOS DIVERSOS;CARRINHO PARA COPA E COZINHA;5.200,00;0,00
02.122.0570.20GP.0053 - JULGAMENTO DE CAUSAS E GESTÃO ADMINISTRATIVA NA JUSTIÇA ELEITORAL - NO DISTRITO FEDERAL;MANUTENÇÃO GERAL;SEBEP - SEÇAO DE BENS PATRIMONIAIS;SEGUROS EM GERAL;AOSA SEGURO;33 - OUTRAS DESPESAS CORRENTES;33.90.39 - OUTROS SERVIÇOS DE TERCEIROS - PESSOA JURÍDICA;3390.39.69 - SEGUROS EM GERAL;SEGURO DE BENS MÓVEIS E IMÓVEIS;75.000,00;75.000,00
02.122.0570.20GP.0053 - JULGAMENTO DE CAUSAS E GESTÃO ADMINISTRATIVA NA JUSTIÇA ELEITORAL - NO DISTRITO FEDERAL;MANUTENÇÃO GERAL;SEBEP - SEÇAO DE BENS PATRIMONIAIS;VEÍCULOS;AREA VEICUL;44 - INVESTIMENTOS;44.90.52 - EQUIPAMENTOS E MATERIAL PERMANENTE;4490.52.52 - VEÍCULOS DE TRAÇÃO MECÂNICA;AUTOMÓVEIS;480.000,00;0,00
02.122.0570.20GP.0053 - JULGAMENTO DE CAUSAS E GESTÃO ADMINISTRATIVA NA JUSTIÇA ELEITORAL - NO DISTRITO FEDERAL;MANUTENÇÃO GERAL;SEBIB - SEÇAO DE BIBLIOTECA;ASSINATURAS DE PERIÓDICOS E ANUIDADES;AOSA ASSINA;33 - OUTRAS DESPESAS CORRENTES;33.90.39 - OUTROS SERVIÇOS DE TERCEIROS - PESSOA JURÍDICA;3390.39.01 - ASSINATURAS DE PERIÓDICOS E ANUIDADES;ASSINATURAS DE PERIÓDICOS E ANUIDADES;4.127,40;4.127,40
02.122.0570.20GP.0053 - JULGAMENTO DE CAUSAS E GESTÃO ADMINISTRATIVA NA JUSTIÇA ELEITORAL - NO DISTRITO FEDERAL;MANUTENÇÃO GERAL;SEBIB - SEÇAO DE BIBLIOTECA;MANUTENÇÃO DE SOFTWARE;AOSI MANSOF;33 - OUTRAS DESPESAS CORRENTES;33.90.39 - OUTROS SERVIÇOS DE TERCEIROS - PESSOA JURÍDICA;3390.39.08 - MANUTENÇÃO DE SOFTWARE;MANUTENÇÃO DE SOFTWARE;3.024,00;3.024,00
02.122.0570.20GP.0053 - JULGAMENTO DE CAUSAS E GESTÃO ADMINISTRATIVA NA JUSTIÇA ELEITORAL - NO DISTRITO FEDERAL;MANUTENÇÃO GERAL;SEBIB - SEÇAO DE BIBLIOTECA;OUTROS MATERIAIS PERMANENTES E EQUIPAMENTOS;AREA PERMAN;44 - INVESTIMENTOS;44.90.52 - EQUIPAMENTOS E MATERIAL PERMANENTE;4490.52.18 - COLEÇÕES E MATERIAIS BIBLIOGRÁFICOS;LIVROS;6.000,00;0,00
02.122.0570.20GP.0053 - JULGAMENTO DE CAUSAS E GESTÃO ADMINISTRATIVA NA JUSTIÇA ELEITORAL - NO DISTRITO FEDERAL;MANUTENÇÃO GERAL;SECOS - SEÇÃO DE COMUNICAÇÃO;EVENTOS;AOSA EVENTO;33 - OUTRAS DESPESAS CORRENTES;33.90.30 - MATERIAL DE CONSUMO;3390.30.15 - MATERIAL PARA FESTIVIDADES E HOMENAGENS;ARRANJO DE FLORES DIVERSAS;40.000,00;10.000,00
02.122.0570.20GP.0053 - JULGAMENTO DE CAUSAS E GESTÃO ADMINISTRATIVA NA JUSTIÇA ELEITORAL - NO DISTRITO FEDERAL;MANUTENÇÃO GERAL;SECOS - SEÇÃO DE COMUNICAÇÃO;EVENTOS;AOSA EVENTO;33 - OUTRAS DESPESAS CORRENTES;33.90.30 - MATERIAL DE CONSUMO;3390.30.15 - MATERIAL PARA FESTIVIDADES E HOMENAGENS;PASTA P/ ACONDICIONAR DIPLOMA;15.000,00;0,00
02.122.0570.20GP.0053 - JULGAMENTO DE CAUSAS E GESTÃO ADMINISTRATIVA NA JUSTIÇA ELEITORAL - NO DISTRITO FEDERAL;MANUTENÇÃO GERAL;SECOS - SEÇÃO DE COMUNICAÇÃO;EVENTOS;AOSA EVENTO;33 - OUTRAS DESPESAS CORRENTES;33.90.39 - OUTROS SERVIÇOS DE TERCEIROS - PESSOA JURÍDICA;3390.39.59 - SERVIÇOS DE AUDIO, VÍDEO E FOTO;SERVIÇOS DE FOTOGRAFIA;25.000,00;15.000,00
02.122.0570.20GP.0053 - JULGAMENTO DE CAUSAS E GESTÃO ADMINISTRATIVA NA JUSTIÇA ELEITORAL - NO DISTRITO FEDERAL;MANUTENÇÃO GERAL;SEDCO - SEÇAO DE EDITAIS E CONTRATOS;DIVULGAÇÃO INSTITUCIONAL;AOSA DIVULG;33 - OUTRAS DESPESAS CORRENTES;33.91.39 - OUTROS SERVIÇOS DE TERCEIROS - PESSOA JURÍDICA;3391.39.47 - SERVIÇOS DE COMUNICAÇÃO EM GERAL;PUBLICAÇÕES DIVERSAS NA IMPRENSA OFICIAL;45.000,00;40.000,00
02.122.0570.20GP.0053 - JULGAMENTO DE CAUSAS E GESTÃO ADMINISTRATIVA NA JUSTIÇA ELEITORAL - NO DISTRITO FEDERAL;MANUTENÇÃO GERAL;SEMAC - SEÇAO DE MATERIAIS DE CONSUMO;ALIMENTAÇÃO;AOSA ALIMEN;33 - OUTRAS DESPESAS CORRENTES;33.90.30 - MATERIAL DE CONSUMO;3390.30.07 - GENEROS DE ALIMENTAÇÃO;AÇÚCAR;10.400,00;10.400,00
02.122.0570.20GP.0053 - JULGAMENTO DE CAUSAS E GESTÃO ADMINISTRATIVA NA JUSTIÇA ELEITORAL - NO DISTRITO FEDERAL;MANUTENÇÃO GERAL;SEMAC - SEÇAO DE MATERIAIS DE CONSUMO;ALIMENTAÇÃO;AOSA ALIMEN;33 - OUTRAS DESPESAS CORRENTES;33.90.30 - MATERIAL DE CONSUMO;3390.30.07 - GENEROS DE ALIMENTAÇÃO;CAFÉ;44.800,00;44.800,00
02.122.0570.20GP.0053 - JULGAMENTO DE CAUSAS E GESTÃO ADMINISTRATIVA NA JUSTIÇA ELEITORAL - NO DISTRITO FEDERAL;MANUTENÇÃO GERAL;SEMAC - SEÇAO DE MATERIAIS DE CONSUMO;ALIMENTAÇÃO;AOSA ALIMEN;33 - OUTRAS DESPESAS CORRENTES;33.90.30 - MATERIAL DE CONSUMO;3390.30.07 - GENEROS DE ALIMENTAÇÃO;CHÁS;6.080,00;6.080,00
02.122.0570.20GP.0053 - JULGAMENTO DE CAUSAS E GESTÃO ADMINISTRATIVA NA JUSTIÇA ELEITORAL - NO DISTRITO FEDERAL;MANUTENÇÃO GERAL;SEMAC - SEÇAO DE MATERIAIS DE CONSUMO;MATERIAL DE CONSUMO;AOSA CONSUM;33 - OUTRAS DESPESAS CORRENTES;33.90.30 - MATERIAL DE CONSUMO;3390.30.16 - MATERIAL DE EXPEDIENTE;MATERIAL DE EXPEDIENTE;140.000,00;50.000,00
02.122.0570.20GP.0053 - JULGAMENTO DE CAUSAS E GESTÃO ADMINISTRATIVA NA JUSTIÇA ELEITORAL - NO DISTRITO FEDERAL;MANUTENÇÃO GERAL;SEMAC - SEÇAO DE MATERIAIS DE CONSUMO;MATERIAL DE CONSUMO;AOSA CONSUM;33 - OUTRAS DESPESAS CORRENTES;33.90.30 - MATERIAL DE CONSUMO;3390.30.17 - MATERIAL DE PROCESSAMENTO DE DADOS;MATERIAL DE PROCESSAMENTO DE DADOS;250.000,00;0,00
02.122.0570.20GP.0053 - JULGAMENTO DE CAUSAS E GESTÃO ADMINISTRATIVA NA JUSTIÇA ELEITORAL - NO DISTRITO FEDERAL;MANUTENÇÃO GERAL;SEMAC - SEÇAO DE MATERIAIS DE CONSUMO;MATERIAL DE CONSUMO;AOSA CONSUM;33 - OUTRAS DESPESAS CORRENTES;33.90.30 - MATERIAL DE CONSUMO;3390.30.19 - MATERIAL DE ACONDICIONAMENTO E EMBALAGENS;MATERIAL PARA ACOND. E EMBALAGEM;15.000,00;10.000,00
02.122.0570.20GP.0053 - JULGAMENTO DE CAUSAS E GESTÃO ADMINISTRATIVA NA JUSTIÇA ELEITORAL - NO DISTRITO FEDERAL;MANUTENÇÃO GERAL;SEMAC - SEÇAO DE MATERIAIS DE CONSUMO;MATERIAL DE CONSUMO;AOSA CONSUM;33 - OUTRAS DESPESAS CORRENTES;33.90.30 - MATERIAL DE CONSUMO;3390.30.21 - MATERIAL DE COPA E COZINHA;MATERIAL DE COPA E COZINHA DIVERSOS;30.000,00;15.000,00
02.122.0570.20GP.0053 - JULGAMENTO DE CAUSAS E GESTÃO ADMINISTRATIVA NA JUSTIÇA ELEITORAL - NO DISTRITO FEDERAL;MANUTENÇÃO GERAL;SEMAC - SEÇAO DE MATERIAIS DE CONSUMO;MATERIAL DE CONSUMO;AOSA CONSUM;33 - OUTRAS DESPESAS CORRENTES;33.90.30 - MATERIAL DE CONSUMO;3390.30.28 - MATERIAL DE PROTEÇÃO E SEGURANÇA;MATERIAL DE PROTEÇÃO E SEGURANÇA EM GERAL;6.000,00;0,00
02.122.0570.20GP.0053 - JULGAMENTO DE CAUSAS E GESTÃO ADMINISTRATIVA NA JUSTIÇA ELEITORAL - NO DISTRITO FEDERAL;MANUTENÇÃO GERAL;SEMAC - SEÇAO DE MATERIAIS DE CONSUMO;MATERIAL DE CONSUMO;AOSA CONSUM;33 - OUTRAS DESPESAS CORRENTES;33.90.30 - MATERIAL DE CONSUMO;3390.30.29 - MATERIAL PARA ÁUDIO, VÍDEO E FOTO;MATERIAL PARA ÁUDIO, VÍDEO E FOTO;10.000,00;5.000,00
02.122.0570.20GP.0053 - JULGAMENTO DE CAUSAS E GESTÃO ADMINISTRATIVA NA JUSTIÇA ELEITORAL - NO DISTRITO FEDERAL;MANUTENÇÃO GERAL;SEMAC - SEÇAO DE MATERIAIS DE CONSUMO;MATERIAL DE CONSUMO;AOSA CONSUM;33 - OUTRAS DESPESAS CORRENTES;33.90.30 - MATERIAL DE CONSUMO;3390.30.30 - MATERIAL PARA COMUNICAÇÕES;MATERIAL PARA COMUNICAÇÕES;30.000,00;5.000,00
02.122.0570.20GP.0053 - JULGAMENTO DE CAUSAS E GESTÃO ADMINISTRATIVA NA JUSTIÇA ELEITORAL - NO DISTRITO FEDERAL;MANUTENÇÃO GERAL;SEMAC - SEÇAO DE MATERIAIS DE CONSUMO;MATERIAL DE CONSUMO;AOSA CONSUM;33 - OUTRAS DESPESAS CORRENTES;33.90.30 - MATERIAL DE CONSUMO;3390.30.44 - MATERIAL DE SINALIZAÇÃO VISUAL E OUTROS;MATERIAL DE SINALIZAÇÃO VISUAL E OUTROS;2.000,00;0,00
02.122.0570.20GP.0053 - JULGAMENTO DE CAUSAS E GESTÃO ADMINISTRATIVA NA JUSTIÇA ELEITORAL - NO DISTRITO FEDERAL;MANUTENÇÃO GERAL;SEMAC - SEÇAO DE MATERIAIS DE CONSUMO;MATERIAL DE CONSUMO;AOSA CONSUM;33 - OUTRAS DESPESAS CORRENTES;33.90.30 - MATERIAL DE CONSUMO;3390.30.50 - BANDEIRAS, FLÂMULAS E INSÍGNIAS;BANDEIRAS, FLÂMULAS E INSÍGNIAS;5.000,00;0,00
02.122.0570.20GP.0053 - JULGAMENTO DE CAUSAS E GESTÃO ADMINISTRATIVA NA JUSTIÇA ELEITORAL - NO DISTRITO FEDERAL;MANUTENÇÃO GERAL;SEMAC - SEÇAO DE MATERIAIS DE CONSUMO;MATERIAL DE LIMPEZA E PRODUTOS DE HIGIENIZAÇÃO;AOSA MATLIM;33 - OUTRAS DESPESAS CORRENTES;33.90.30 - MATERIAL DE CONSUMO;3390.30.22 - MATERIAL DE LIMPEZA E PROD. DE HIGIENIZAÇÃO;MATERIAL DE LIMPEZA E PRODUTOS DE HIGIENIZAÇÃO;180.000,00;100.000,00
02.122.0570.20GP.0053 - JULGAMENTO DE CAUSAS E GESTÃO ADMINISTRATIVA NA JUSTIÇA ELEITORAL - NO DISTRITO FEDERAL;MANUTENÇÃO GERAL;SEMAC - SEÇAO DE MATERIAIS DE CONSUMO;MATERIAL DE PROCESSAMENTO DE DADOS;AOSI MATDAD;33 - OUTRAS DESPESAS CORRENTES;33.90.30 - MATERIAL DE CONSUMO;3390.30.17 - MATERIAL DE PROCESSAMENTO DE DADOS;COMPONENTES ELETRÔNICOS DIVERSOS;0,00;70.000,00
02.122.0570.20GP.0053 - JULGAMENTO DE CAUSAS E GESTÃO ADMINISTRATIVA NA JUSTIÇA ELEITORAL - NO DISTRITO FEDERAL;MANUTENÇÃO GERAL;SEMAC - SEÇAO DE MATERIAIS DE CONSUMO;MATERIAL PARA MANUTENÇÃO DE BENS IMÓVEIS;AOSA MATIMO;33 - OUTRAS DESPESAS CORRENTES;33.90.30 - MATERIAL DE CONSUMO;3390.30.24 - MATERIAL PARA MANUTENÇÃO DE BENS IMÓVEIS;MATERIAL PARA MANUTENÇÃO DE BENS IMÓVEIS;60.000,00;30.000,00
02.122.0570.20GP.0053 - JULGAMENTO DE CAUSAS E GESTÃO ADMINISTRATIVA NA JUSTIÇA ELEITORAL - NO DISTRITO FEDERAL;MANUTENÇÃO GERAL;SEMAC - SEÇAO DE MATERIAIS DE CONSUMO;MATERIAL PARA MANUTENÇÃO DE BENS IMÓVEIS;AOSA MATIMO;33 - OUTRAS DESPESAS CORRENTES;33.90.30 - MATERIAL DE CONSUMO;3390.30.26 - MATERIAL ELÉTRICO E ELETRÔNICO;CABO FLEXÍVEL;70.000,00;50.000,00
02.122.0570.20GP.0053 - JULGAMENTO DE CAUSAS E GESTÃO ADMINISTRATIVA NA JUSTIÇA ELEITORAL - NO DISTRITO FEDERAL;MANUTENÇÃO GERAL;SEMAC - SEÇAO DE MATERIAIS DE CONSUMO;MATERIAL PARA MANUTENÇÃO DE BENS MÓVEIS;AOSA MATMOV;33 - OUTRAS DESPESAS CORRENTES;33.90.30 - MATERIAL DE CONSUMO;3390.30.25 - MATERIAL PARA MANUTENÇÃO DE BENS MÓVEIS;MATERIAL PARA MANUTENÇÃO DE BENS MÓVEIS;10.000,00;10.000,00
02.122.0570.20GP.0053 - JULGAMENTO DE CAUSAS E GESTÃO ADMINISTRATIVA NA JUSTIÇA ELEITORAL - NO DISTRITO FEDERAL;MANUTENÇÃO GERAL;SGP - SECRETARIA DE GESTAO DE PESSOAS;APOIO ADMINISTRATIVO, TÉCNICO E OPERACIONAL;AOSA APOIO;33 - OUTRAS DESPESAS CORRENTES;33.90.35 - SERVIÇOS DE CONSULTORIA;3390.35.01 - ASSESSORIA E CONSULTORIA TÉCNICA OU JURÍDICA;ASSESSORIA E CONSULTORIA TÉCNICA OU JURÍDICA;27.008,24;0,00
02.122.0570.20GP.0053 - JULGAMENTO DE CAUSAS E GESTÃO ADMINISTRATIVA NA JUSTIÇA ELEITORAL - NO DISTRITO FEDERAL;MANUTENÇÃO GERAL;SGP - SECRETARIA DE GESTAO DE PESSOAS;DIÁRIAS;AOSA DIARIA;33 - OUTRAS DESPESAS CORRENTES;33.90.14 - DIÁRIAS - CIVIL;3390.14.14 - DIARIAS NO PAIS;DIÁRIAS;43.000,00;43.000,00
02.122.0570.20GP.0053 - JULGAMENTO DE CAUSAS E GESTÃO ADMINISTRATIVA NA JUSTIÇA ELEITORAL - NO DISTRITO FEDERAL;MANUTENÇÃO GERAL;SGP - SECRETARIA DE GESTAO DE PESSOAS;DIÁRIAS PARA MEMBROS;AOSA DIAMEM;33 - OUTRAS DESPESAS CORRENTES;33.90.14 - DIÁRIAS - CIVIL;3390.14.14 - DIARIAS NO PAIS;DIÁRIAS;25.000,00;25.000,00
02.122.0570.20GP.0053 - JULGAMENTO DE CAUSAS E GESTÃO ADMINISTRATIVA NA JUSTIÇA ELEITORAL - NO DISTRITO FEDERAL;MANUTENÇÃO GERAL;SGP - SECRETARIA DE GESTAO DE PESSOAS;ESTAGIÁRIOS;AOSA ESTAGI;33 - OUTRAS DESPESAS CORRENTES;33.90.39 - OUTROS SERVIÇOS DE TERCEIROS - PESSOA JURÍDICA;3390.39.25 - TAXA DE ADMINISTRAÇÃO;SERVIÇOS PRESTADOS - CIEE;31.037,76;28.132,00
02.122.0570.20GP.0053 - JULGAMENTO DE CAUSAS E GESTÃO ADMINISTRATIVA NA JUSTIÇA ELEITORAL - NO DISTRITO FEDERAL;MANUTENÇÃO GERAL;SGP - SECRETARIA DE GESTAO DE PESSOAS;ESTAGIÁRIOS;AOSA ESTAGI;33 - OUTRAS DESPESAS CORRENTES;33.90.39 - OUTROS SERVIÇOS DE TERCEIROS - PESSOA JURÍDICA;3390.39.65 - SERVIÇOS DE APOIO AO ENSINO;ESTAGIÁRIOS;706.176,00;512.868,00
02.122.0570.20GP.0053 - JULGAMENTO DE CAUSAS E GESTÃO ADMINISTRATIVA NA JUSTIÇA ELEITORAL - NO DISTRITO FEDERAL;MANUTENÇÃO GERAL;SGP - SECRETARIA DE GESTAO DE PESSOAS;PASSAGENS E LOCOMOÇÃO PARA SERVIDORES;AOSA PASSAG;33 - OUTRAS DESPESAS CORRENTES;33.90.33 - PASSAGENS E DESPESAS COM LOCOMOÇÃO;3390.33.01 - PASSAGENS PARA O PAÍS;PASSAGENS PARA O PAIS;17.000,00;17.000,00
02.122.0570.20GP.0053 - JULGAMENTO DE CAUSAS E GESTÃO ADMINISTRATIVA NA JUSTIÇA ELEITORAL - NO DISTRITO FEDERAL;MANUTENÇÃO GERAL;SGP - SECRETARIA DE GESTAO DE PESSOAS;PASSAGENS PARA MEMBROS;AOSA PASMEM;33 - OUTRAS DESPESAS CORRENTES;33.90.33 - PASSAGENS E DESPESAS COM LOCOMOÇÃO;3390.33.01 - PASSAGENS PARA O PAÍS;PASSAGENS;10.000,00;10.000,00
02.122.0570.20GP.0053 - JULGAMENTO DE CAUSAS E GESTÃO ADMINISTRATIVA NA JUSTIÇA ELEITORAL - NO DISTRITO FEDERAL;MANUTENÇÃO GERAL;SJU - SECRETARIA JUDICIARIA;AQUISIÇÃO DE SOFTWARE;AREA AQISOF;44 - INVESTIMENTOS;44.90.39 - OUTROS SERVIÇOS DE TERCEIROS - PESSOA JURÍDICA;4490.39.93 - AQUISIÇÃO DE SOFTWARE;LICENÇA DE SOFTWARE;34.347,50;34.347,50
02.122.0570.20GP.0053 - JULGAMENTO DE CAUSAS E GESTÃO ADMINISTRATIVA NA JUSTIÇA ELEITORAL - NO DISTRITO FEDERAL;MANUTENÇÃO GERAL;STI - SECRETARIA DE TECNOLOGIA DA INFORMAÇAO;AQUISIÇÃO DE SOFTWARE;AREA AQISOF;44 - INVESTIMENTOS;44.90.39 - OUTROS SERVIÇOS DE TERCEIROS - PESSOA JURÍDICA;4490.39.93 - AQUISIÇÃO DE SOFTWARE;AQUISIÇÃO DE SOFTWARE;535.942,00;0,00
02.122.0570.20GP.0053 - JULGAMENTO DE CAUSAS E GESTÃO ADMINISTRATIVA NA JUSTIÇA ELEITORAL - NO DISTRITO FEDERAL;MANUTENÇÃO GERAL;STI - SECRETARIA DE TECNOLOGIA DA INFORMAÇAO;AQUISIÇÃO DE SOFTWARE;AREA AQISOF;44 - INVESTIMENTOS;44.90.39 - OUTROS SERVIÇOS DE TERCEIROS - PESSOA JURÍDICA;4490.39.93 - AQUISIÇÃO DE SOFTWARE;LICENÇA DE SOFTWARE;610.000,00;0,00
02.122.0570.20GP.0053 - JULGAMENTO DE CAUSAS E GESTÃO ADMINISTRATIVA NA JUSTIÇA ELEITORAL - NO DISTRITO FEDERAL;MANUTENÇÃO GERAL;STI - SECRETARIA DE TECNOLOGIA DA INFORMAÇAO;AQUISIÇÃO DE SOFTWARE;AREA AQISOF;44 - INVESTIMENTOS;44.90.39 - OUTROS SERVIÇOS DE TERCEIROS - PESSOA JURÍDICA;4490.39.93 - AQUISIÇÃO DE SOFTWARE;UPGRADE DE SOFTWARE DIVERSOS;1.181.884,50;0,00
02.122.0570.20GP.0053 - JULGAMENTO DE CAUSAS E GESTÃO ADMINISTRATIVA NA JUSTIÇA ELEITORAL - NO DISTRITO FEDERAL;MANUTENÇÃO GERAL;STI - SECRETARIA DE TECNOLOGIA DA INFORMAÇAO;DESPESAS DE TELEPROCESSAMENTO;AOSI TELEPR;33 - OUTRAS DESPESAS CORRENTES;33.90.39 - OUTROS SERVIÇOS DE TERCEIROS - PESSOA JURÍDICA;3390.39.97 - COMUNICAÇÃO DE DADOS;BACKBONE SEDUNDÁRIO;1.320.000,00;1.167.523,94
02.122.0570.20GP.0053 - JULGAMENTO DE CAUSAS E GESTÃO ADMINISTRATIVA NA JUSTIÇA ELEITORAL - NO DISTRITO FEDERAL;MANUTENÇÃO GERAL;STI - SECRETARIA DE TECNOLOGIA DA INFORMAÇAO;DESPESAS DE TELEPROCESSAMENTO;AOSI TELEPR;33 - OUTRAS DESPESAS CORRENTES;33.90.39 - OUTROS SERVIÇOS DE TERCEIROS - PESSOA JURÍDICA;3390.39.97 - COMUNICAÇÃO DE DADOS;SERVIÇOS DIVERSOS DE COMUNICAÇÃO DE DADOS;144.000,00;144.000,00
02.122.0570.20GP.0053 - JULGAMENTO DE CAUSAS E GESTÃO ADMINISTRATIVA NA JUSTIÇA ELEITORAL - NO DISTRITO FEDERAL;MANUTENÇÃO GERAL;STI - SECRETARIA DE TECNOLOGIA DA INFORMAÇAO;EQUIPAMENTOS DE INFORMÁTICA;AREA INFORM;44 - INVESTIMENTOS;44.90.52 - EQUIPAMENTOS E MATERIAL PERMANENTE;4490.52.35 - EQUIPAMENTOS DE PROCESSAMENTO DE DADOS;EQUIPAMENTO DE SOLUÇÃO DE REDE SEM FIO ACCESS POINT;200.000,00;0,00
02.122.0570.20GP.0053 - JULGAMENTO DE CAUSAS E GESTÃO ADMINISTRATIVA NA JUSTIÇA ELEITORAL - NO DISTRITO FEDERAL;MANUTENÇÃO GERAL;STI - SECRETARIA DE TECNOLOGIA DA INFORMAÇAO;EQUIPAMENTOS DE INFORMÁTICA;AREA INFORM;44 - INVESTIMENTOS;44.90.52 - EQUIPAMENTOS E MATERIAL PERMANENTE;4490.52.35 - EQUIPAMENTOS DE PROCESSAMENTO DE DADOS;ESTAÇÃO AVANÇADA;50.000,00;0,00
02.122.0570.20GP.0053 - JULGAMENTO DE CAUSAS E GESTÃO ADMINISTRATIVA NA JUSTIÇA ELEITORAL - NO DISTRITO FEDERAL;MANUTENÇÃO GERAL;STI - SECRETARIA DE TECNOLOGIA DA INFORMAÇAO;EQUIPAMENTOS DE INFORMÁTICA;AREA INFORM;44 - INVESTIMENTOS;44.90.52 - EQUIPAMENTOS E MATERIAL PERMANENTE;4490.52.35 - EQUIPAMENTOS DE PROCESSAMENTO DE DADOS;MICROCOMPUTADOR;1.200.000,00;0,00
02.122.0570.20GP.0053 - JULGAMENTO DE CAUSAS E GESTÃO ADMINISTRATIVA NA JUSTIÇA ELEITORAL - NO DISTRITO FEDERAL;MANUTENÇÃO GERAL;STI - SECRETARIA DE TECNOLOGIA DA INFORMAÇAO;EQUIPAMENTOS DE INFORMÁTICA;AREA INFORM;44 - INVESTIMENTOS;44.90.52 - EQUIPAMENTOS E MATERIAL PERMANENTE;4490.52.35 - EQUIPAMENTOS DE PROCESSAMENTO DE DADOS;NOBREAK;180.000,00;0,00
02.122.0570.20GP.0053 - JULGAMENTO DE CAUSAS E GESTÃO ADMINISTRATIVA NA JUSTIÇA ELEITORAL - NO DISTRITO FEDERAL;MANUTENÇÃO GERAL;STI - SECRETARIA DE TECNOLOGIA DA INFORMAÇAO;EQUIPAMENTOS DE INFORMÁTICA;AREA INFORM;44 - INVESTIMENTOS;44.90.52 - EQUIPAMENTOS E MATERIAL PERMANENTE;4490.52.35 - EQUIPAMENTOS DE PROCESSAMENTO DE DADOS;NOTEBOOK;125.000,00;0,00
02.122.0570.20GP.0053 - JULGAMENTO DE CAUSAS E GESTÃO ADMINISTRATIVA NA JUSTIÇA ELEITORAL - NO DISTRITO FEDERAL;MANUTENÇÃO GERAL;STI - SECRETARIA DE TECNOLOGIA DA INFORMAÇAO;EQUIPAMENTOS DE INFORMÁTICA;AREA INFORM;44 - INVESTIMENTOS;44.90.52 - EQUIPAMENTOS E MATERIAL PERMANENTE;4490.52.35 - EQUIPAMENTOS DE PROCESSAMENTO DE DADOS;PLACA DE REDE PARA FIBRA ÓPTICA;28.000,00;0,00
02.122.0570.20GP.0053 - JULGAMENTO DE CAUSAS E GESTÃO ADMINISTRATIVA NA JUSTIÇA ELEITORAL - NO DISTRITO FEDERAL;MANUTENÇÃO GERAL;STI - SECRETARIA DE TECNOLOGIA DA INFORMAÇAO;EQUIPAMENTOS DE INFORMÁTICA;AREA INFORM;44 - INVESTIMENTOS;44.90.52 - EQUIPAMENTOS E MATERIAL PERMANENTE;4490.52.35 - EQUIPAMENTOS DE PROCESSAMENTO DE DADOS;RACK;200.000,00;0,00
02.122.0570.20GP.0053 - JULGAMENTO DE CAUSAS E GESTÃO ADMINISTRATIVA NA JUSTIÇA ELEITORAL - NO DISTRITO FEDERAL;MANUTENÇÃO GERAL;STI - SECRETARIA DE TECNOLOGIA DA INFORMAÇAO;EQUIPAMENTOS DE INFORMÁTICA;AREA INFORM;44 - INVESTIMENTOS;44.90.52 - EQUIPAMENTOS E MATERIAL PERMANENTE;4490.52.35 - EQUIPAMENTOS DE PROCESSAMENTO DE DADOS;SERVIDOR DE REDE;180.000,00;0,00
02.122.0570.20GP.0053 - JULGAMENTO DE CAUSAS E GESTÃO ADMINISTRATIVA NA JUSTIÇA ELEITORAL - NO DISTRITO FEDERAL;MANUTENÇÃO GERAL;STI - SECRETARIA DE TECNOLOGIA DA INFORMAÇAO;EQUIPAMENTOS DE INFORMÁTICA;AREA INFORM;44 - INVESTIMENTOS;44.90.52 - EQUIPAMENTOS E MATERIAL PERMANENTE;4490.52.35 - EQUIPAMENTOS DE PROCESSAMENTO DE DADOS;SOLUÇÃO DE MONITORAMENTO DE WLAN;250.000,00;0,00
02.122.0570.20GP.0053 - JULGAMENTO DE CAUSAS E GESTÃO ADMINISTRATIVA NA JUSTIÇA ELEITORAL - NO DISTRITO FEDERAL;MANUTENÇÃO GERAL;STI - SECRETARIA DE TECNOLOGIA DA INFORMAÇAO;EQUIPAMENTOS DE INFORMÁTICA;AREA INFORM;44 - INVESTIMENTOS;44.90.52 - EQUIPAMENTOS E MATERIAL PERMANENTE;4490.52.35 - EQUIPAMENTOS DE PROCESSAMENTO DE DADOS;STORAGE;360.000,00;0,00
02.122.0570.20GP.0053 - JULGAMENTO DE CAUSAS E GESTÃO ADMINISTRATIVA NA JUSTIÇA ELEITORAL - NO DISTRITO FEDERAL;MANUTENÇÃO GERAL;STI - SECRETARIA DE TECNOLOGIA DA INFORMAÇAO;EQUIPAMENTOS DE INFORMÁTICA;AREA INFORM;44 - INVESTIMENTOS;44.90.52 - EQUIPAMENTOS E MATERIAL PERMANENTE;4490.52.35 - EQUIPAMENTOS DE PROCESSAMENTO DE DADOS;SWITCH;800.000,00;164.296,00
02.122.0570.20GP.0053 - JULGAMENTO DE CAUSAS E GESTÃO ADMINISTRATIVA NA JUSTIÇA ELEITORAL - NO DISTRITO FEDERAL;MANUTENÇÃO GERAL;STI - SECRETARIA DE TECNOLOGIA DA INFORMAÇAO;MANUTENÇÃO E CONSERVAÇÃO DE EQUIP.PROCESSAMENTO DE DADOS;AOSI MANDAD;33 - OUTRAS DESPESAS CORRENTES;33.90.39 - OUTROS SERVIÇOS DE TERCEIROS - PESSOA JURÍDICA;3390.39.95 - MANUT.CONSERV.EQUIP.DE PROCESSAMENTO DADOS;MANUT.CONSERV.EQUIP.DE PROCESSAMENTO DADOS;480.000,00;480.000,00
02.122.0570.20GP.0053 - JULGAMENTO DE CAUSAS E GESTÃO ADMINISTRATIVA NA JUSTIÇA ELEITORAL - NO DISTRITO FEDERAL;MANUTENÇÃO GERAL;STI - SECRETARIA DE TECNOLOGIA DA INFORMAÇAO;MANUTENÇÃO E CONSERVAÇÃO DE MÁQUINAS E EQUIPAMENTOS;AOSA MANMAQ;33 - OUTRAS DESPESAS CORRENTES;33.90.39 - OUTROS SERVIÇOS DE TERCEIROS - PESSOA JURÍDICA;3390.39.17 - MANUTENÇÃO E CONSERVAÇÃO DE MÁQUINAS E  EQUIPAMENT;MANUTENÇÃO E CONSERVAÇÃO DE MÁQUINAS E EQUIPAMENTOS;13.200,00;0,00
02.122.0570.20GP.0053 - JULGAMENTO DE CAUSAS E GESTÃO ADMINISTRATIVA NA JUSTIÇA ELEITORAL - NO DISTRITO FEDERAL;MANUTENÇÃO GERAL;STI - SECRETARIA DE TECNOLOGIA DA INFORMAÇAO;SERVIÇOS DE PROCESSAMENTO DE DADOS;AOSI SERDAD;33 - OUTRAS DESPESAS CORRENTES;33.90.39 - OUTROS SERVIÇOS DE TERCEIROS - PESSOA JURÍDICA;3390.39.57 - SERVIÇOS TÉCNICOS PROFISSIONAIS DE TECNOLOGIA DA INFORMAÇÃO;SUSTENTAÇÃO DE SISTEMAS DE INFORMAÇÃO;707.310,48;400.000,00
02.122.0570.20GP.PO02 - CAPACITAÇÃO DE RECURSOS HUMANOS - TRE/DF;AÇÃO ESTRATÉGICA;SGP - SECRETARIA DE GESTAO DE PESSOAS;CAPACITAÇÃO DE RECURSOS HUMANOS - PLANO ANUAL DE CAPACITAÇÃO;EDF TREINA;33 - OUTRAS DESPESAS CORRENTES;33.90.14 - DIÁRIAS - CIVIL;3390.14.14 - DIARIAS NO PAIS;DIÁRIAS;40.000,00;15.000,00
02.122.0570.20GP.PO02 - CAPACITAÇÃO DE RECURSOS HUMANOS - TRE/DF;AÇÃO ESTRATÉGICA;SGP - SECRETARIA DE GESTAO DE PESSOAS;CAPACITAÇÃO DE RECURSOS HUMANOS - PLANO ANUAL DE CAPACITAÇÃO;EDF TREINA;33 - OUTRAS DESPESAS CORRENTES;33.90.33 - PASSAGENS E DESPESAS COM LOCOMOÇÃO;3390.33.01 - PASSAGENS PARA O PAÍS;PASSAGENS PARA O PAIS;20.000,00;7.000,00
02.122.0570.20GP.PO02 - CAPACITAÇÃO DE RECURSOS HUMANOS - TRE/DF;AÇÃO ESTRATÉGICA;SGP - SECRETARIA DE GESTAO DE PESSOAS;CAPACITAÇÃO DE RECURSOS HUMANOS - PLANO ANUAL DE CAPACITAÇÃO;EDF TREINA;33 - OUTRAS DESPESAS CORRENTES;33.90.39 - OUTROS SERVIÇOS DE TERCEIROS - PESSOA JURÍDICA;3390.39.48 - SERVIÇO DE SELEÇÃO E TREINAMENTO;SERVICOS PRESTADOS NAS AREAS DE RECRUTAMENTO, SELECAO E TREINAMENTO DE PESSOAL;355.000,00;217.614,45
02.122.0570.20GP.PO02 - CAPACITAÇÃO DE RECURSOS HUMANOS - TRE/DF;AÇÃO ESTRATÉGICA;SGP - SECRETARIA DE GESTAO DE PESSOAS;CAPACITAÇÃO DE RECURSOS HUMANOS - TECNOLOGIA DA INFORMAÇÃO;EDF CRHTI;33 - OUTRAS DESPESAS CORRENTES;33.90.39 - OUTROS SERVIÇOS DE TERCEIROS - PESSOA JURÍDICA;3390.39.48 - SERVIÇO DE SELEÇÃO E TREINAMENTO;SERVICOS PRESTADOS NAS AREAS DE TREINAMENTO;50.000,00;40.000,00
02.131.0570.2549.0053 - COMUNICAÇÃO E DIVULGAÇÃO INSTITUCIONAL;AÇÃO ESTRATÉGICA;EJE - ESCOLA JUDICIARIA ELEITORAL;COMUNICAÇÃO E DIVULGAÇÃO INSTITUCIONAL;EDF DIVULGA;33 - OUTRAS DESPESAS CORRENTES;33.90.32 - MATERIAL DE DISTRIBUIÇÃO GRATUITA;3390.32.09 - MATERIAL PARA DIVULGAÇÃO;CAMISETAS;8.700,00;0,00
02.131.0570.2549.0053 - COMUNICAÇÃO E DIVULGAÇÃO INSTITUCIONAL;AÇÃO ESTRATÉGICA;EJE - ESCOLA JUDICIARIA ELEITORAL;COMUNICAÇÃO E DIVULGAÇÃO INSTITUCIONAL;EDF DIVULGA;33 - OUTRAS DESPESAS CORRENTES;33.90.32 - MATERIAL DE DISTRIBUIÇÃO GRATUITA;3390.32.09 - MATERIAL PARA DIVULGAÇÃO;CARTILHAS;32.400,00;0,00
02.131.0570.2549.0053 - COMUNICAÇÃO E DIVULGAÇÃO INSTITUCIONAL;AÇÃO ESTRATÉGICA;EJE - ESCOLA JUDICIARIA ELEITORAL;COMUNICAÇÃO E DIVULGAÇÃO INSTITUCIONAL;EDF DIVULGA;33 - OUTRAS DESPESAS CORRENTES;33.90.32 - MATERIAL DE DISTRIBUIÇÃO GRATUITA;3390.32.09 - MATERIAL PARA DIVULGAÇÃO;TÍTULO DE ELEITOR;18.900,00;0,00
TOTAL;;;;;;;;;31.059.738,43;14.487.004,55
;;;;;;;;;;
;;;;;;;;;;
